id,Nome,Idade,Cidade,Total Recebido,Total Gasto,Horario De Ultima Compra,Comercio Mais Gasto,Forma De Pagamento
a1B2c3D@,Lucas Santos,28,São Paulo,15000,7500,2024-09-29 14:23:00,Nike,Crédito
e4F5g6H#,Maria Oliveira,32,Rio de Janeiro,20000,12000,2024-09-29 15:45:00,Starbucks,Débito
j7K8l9M$,Carlos Pereira,45,Belo Horizonte,18000,9000,2024-09-28 18:30:00,McDonald's,PIX
n0P1q2R*,Fernanda Lima,25,Curitiba,16000,8000,2024-09-29 16:10:00,Amazon,Físico
s3T4u5V!,Roberto Almeida,38,Porto Alegre,21000,11000,2024-09-29 12:15:00,Subway,Crédito
z6W7x8Y#,Juliana Costa,22,São Paulo,13000,4000,2024-09-29 13:05:00,Zara,Débito
p9Q0r1S@,Tiago Ferreira,29,Salvador,17500,6500,2024-09-29 17:50:00,Starbucks,PIX
b2C3d4F$,Ana Beatriz,36,Fortaleza,19000,13000,2024-09-29 10:30:00,Nike,Físico
x8Y9z0A*,Eduardo Martins,40,Recife,22000,15000,2024-09-29 11:40:00,McDonald's,Crédito
m4N5o6P!,Patrícia Soares,31,Natal,14500,5500,2024-09-29 14:00:00,Amazon,Débito
f1G2h3J@,Gabriel Souza,27,Florianópolis,15500,7000,2024-09-29 09:30:00,Nike,Físico
k4L5m6N#,Isabela Martins,34,Teresina,17500,9500,2024-09-28 20:45:00,Subway,PIX
o7P8q9R$,Renan Alves,39,Vitória,18500,10500,2024-09-29 19:00:00,Starbucks,Crédito
a2B3c4D*,Larissa Ferreira,30,João Pessoa,16500,8500,2024-09-29 08:15:00,Zara,Débito
e5F6g7H!,Julio Cesar,29,Campo Grande,17000,9200,2024-09-29 14:55:00,McDonald's,Físico
r0S1t2U@,Michele Ribeiro,33,Aracaju,20000,12000,2024-09-29 11:20:00,Nike,PIX
h3J4k5L#,Felipe Dias,44,Macapá,21000,13000,2024-09-29 12:30:00,Amazon,Crédito
n8P9q0A$,Tatiane Alves,26,Porto Velho,16000,7800,2024-09-29 15:10:00,Starbucks,Débito
s1T2u3V*,Andréa Santos,35,Cuiabá,17500,8900,2024-09-29 17:20:00,McDonald's,Físico
b4C5d6F!,Fábio Lima,41,Boa Vista,19500,11500,2024-09-29 16:00:00,Zara,PIX
x7Y8z9C#,Priscila Costa,23,Palmas,14500,4500,2024-09-29 10:05:00,Nike,Crédito
j6K7l8M*,Tiago Martins,36,Niterói,38,São Paulo,19000,11000,2024-09-29 12:15:00,Starbucks,Débito
d2E3f4G@,Camila Soares,29,Diadema,16000,7000,2024-09-29 14:10:00,McDonald's,Físico
e4F5g6H#,Ricardo Gomes,32,Osasco,19000,11000,2024-09-29 12:45:00,Nike,PIX
y3Z4a5B$,César Almeida,28,São Bernardo do Campo,17500,7500,2024-09-29 18:35:00,Subway,Crédito
l8M9n0P!,Fernanda Lima,38,Cascavel,21000,14000,2024-09-29 19:30:00,Amazon,Débito
b1A2c3D@,Juliana Martins,31,São Paulo,17500,8000,2024-09-29 10:30:00,Nike,Físico
h4J5k6L#,André Silva,27,Rio de Janeiro,16000,6000,2024-09-29 09:15:00,Starbucks,PIX
q6R7s8F$,Roberta Costa,34,Belo Horizonte,18000,9500,2024-09-29 14:45:00,McDonald's,Crédito
p3Q4r5A*,Felipe Lima,29,Curitiba,15500,7200,2024-09-29 11:00:00,Zara,Débito
m9N0o1P!,Vanessa Oliveira,40,Porto Alegre,20000,12000,2024-09-29 16:20:00,Amazon,Físico
t1T2u3V@,Ricardo Santos,36,Salvador,18500,9500,2024-09-29 17:10:00,Subway,PIX
a2B3c4D#,Marcos Paulo,25,Natal,14500,5800,2024-09-29 12:05:00,Nike,Crédito
e5F6g7H$,Mariana Alves,33,Fortaleza,17000,8900,2024-09-29 18:00:00,Starbucks,Débito
k8L9m0N*,Leonardo Dias,38,Recife,19000,11500,2024-09-29 19:30:00,McDonald's,Físico
x6Y7z8C!,Carmen Soares,22,São Paulo,15000,5000,2024-09-29 10:45:00,Zara,PIX
n4O5p6F@,Tiago Costa,30,João Pessoa,16500,8300,2024-09-29 14:15:00,Amazon,Crédito
b7C8d9H#,Fernanda Ramos,42,Vitória,21000,14000,2024-09-29 19:00:00,Nike,Débito
m3N4o5P$,Paula Ferreira,28,Teresina,17500,7600,2024-09-29 08:55:00,Subway,Físico
h2J3k4L*,Vinícius Almeida,35,Campo Grande,19500,12300,2024-09-29 15:30:00,Starbucks,PIX
d8E9f0G!,Isabella Martins,39,Macapá,18500,9700,2024-09-29 16:50:00,McDonald's,Crédito
l1M2n3P@,Hugo Ribeiro,29,Aracaju,16000,7800,2024-09-29 11:25:00,Zara,Débito
q5R6s7A#,Silvia Nunes,31,Palmas,17000,8200,2024-09-29 14:40:00,Amazon,Físico
t4T5u6V*,Robson Torres,36,Diadema,18000,9100,2024-09-29 12:00:00,Nike,PIX
j8K9l0M$,Tatiane Costa,22,Niterói,14500,4500,2024-09-29 13:20:00,Starbucks,Crédito
f0G1h2J@,Diego Santos,34,São Bernardo do Campo,19000,11500,2024-09-29 09:10:00,Subway,Débito